{
"0": 1.25,
"1": 4.0,
"2": 4.25,
"3": 4.25,
"4": 6.833333333333333,
"5": 35.0,
"6": 5.416666666666667,
"7": 4.5,
"8": 5.083333333333333,
"9": 6.333333333333333,
"10": 6.916666666666667,
"11": 17.666666666666668,
"12": 0.0,
"13": 0.3333333333333333,
"14": 1.75,
"15": 1.5833333333333333,
"16": 2.5,
"17": 2.0833333333333335,
"18": 4.333333333333333,
"19": 3.4166666666666665,
"20": 4.0,
"21": 4.75,
"22": 4.333333333333333,
"23": 4.25,
"24": 3.8333333333333335,
"25": 4.916666666666667,
"26": 5.833333333333333,
"27": 4.75,
"28": 4.083333333333333,
"29": 4.666666666666667,
"30": 4.333333333333333,
"31": 4.333333333333333,
"32": 4.75,
"33": 4.75,
"34": 4.916666666666667,
"35": 4.333333333333333,
"36": 6.5,
"37": 7.333333333333333,
"38": 7.666666666666667,
"39": 2.0,
"40": 2.4166666666666665,
"41": 1.5833333333333333,
"42": 1.8333333333333333,
"43": 1.9166666666666667,
"44": 2.8333333333333335,
"45": 1.75,
"46": 4.916666666666667,
"47": 2.0833333333333335,
"48": 1.9166666666666667,
"49": 6.5,
"50": 5.75,
"51": 1.9166666666666667,
"52": 5.75,
"53": 1.25,
"54": 45.666666666666664,
"55": 45.583333333333336,
"56": 40.0
}