{
"0": {
    "top": [
        [
            621.9138793945312,
            299.736083984375
        ],
        [
            624.7938842773438,
            296.86541748046875
        ],
        [
            619.0338745117188,
            296.86541748046875
        ],
        [
            628.6339111328125,
            299.736083984375
        ],
        [
            616.15380859375,
            299.736083984375
        ],
        [
            636.31396484375,
            313.13250732421875
        ],
        [
            608.4738159179688,
            315.0462951660156
        ],
        [
            646.8739624023438,
            324.61517333984375
        ],
        [
            601.7537841796875,
            333.2271423339844
        ],
        [
            646.8739624023438,
            331.3133544921875
        ],
        [
            595.9937744140625,
            357.1493225097656
        ],
        [
            632.4739379882812,
            353.32177734375
        ],
        [
            615.19384765625,
            353.32177734375
        ],
        [
            636.31396484375,
            383.9421691894531
        ],
        [
            617.1138305664062,
            382.0284118652344
        ],
        [
            630.5538940429688,
            401.1661376953125
        ],
        [
            621.9138793945312,
            415.5194091796875
        ]
    ],
    "bottom": [
        [
            468.9898986816406,
            431.7653503417969
        ],
        [
            475.690185546875,
            432.7254943847656
        ],
        [
            473.77581787109375,
            431.7653503417969
        ],
        [
            477.60455322265625,
            446.16796875
        ],
        [
            479.5189208984375,
            446.16796875
        ],
        [
            473.77581787109375,
            476.89349365234375
        ],
        [
            482.3904724121094,
            459.6103820800781
        ],
        [
            483.34765625,
            509.5393981933594
        ],
        [
            470.9042663574219,
            454.80950927734375
        ],
        [
            449.84625244140625,
            513.380126953125
        ],
        [
            446.01751708984375,
            513.380126953125
        ],
        [
            479.5189208984375,
            533.5437622070312
        ],
        [
            491.96234130859375,
            528.742919921875
        ],
        [
            449.84625244140625,
            578.6719360351562
        ],
        [
            494.8338623046875,
            570.9905395507812
        ],
        [
            479.5189208984375,
            625.720458984375
        ],
        [
            532.1640014648438,
            610.357666015625
        ]
    ]
},
"1": {
    "top": [
        [
            621.2783203125,
            300.2695007324219
        ],
        [
            624.1539916992188,
            297.39093017578125
        ],
        [
            618.4026489257812,
            297.39093017578125
        ],
        [
            628.94677734375,
            300.2695007324219
        ],
        [
            615.5269775390625,
            300.2695007324219
        ],
        [
            635.6566772460938,
            313.70269775390625
        ],
        [
            608.8170776367188,
            315.6217346191406
        ],
        [
            647.1593627929688,
            328.0954284667969
        ],
        [
            602.107177734375,
            333.8525390625
        ],
        [
            646.2008056640625,
            331.9335021972656
        ],
        [
            596.3557739257812,
            358.7999572753906
        ],
        [
            632.7809448242188,
            354.00238037109375
        ],
        [
            615.5269775390625,
            354.00238037109375
        ],
        [
            637.5737915039062,
            384.7068786621094
        ],
        [
            617.444091796875,
            381.8283386230469
        ],
        [
            630.8638916015625,
            401.9781494140625
        ],
        [
            622.2368774414062,
            414.4518737792969
        ]
    ],
    "bottom": [
        [
            469.150634765625,
            430.2983093261719
        ],
        [
            474.8714599609375,
            433.1783142089844
        ],
        [
            471.05755615234375,
            430.2983093261719
        ],
        [
            476.7784118652344,
            445.6584167480469
        ],
        [
            479.63885498046875,
            445.6584167480469
        ],
        [
            472.96453857421875,
            477.3387451171875
        ],
        [
            481.5458068847656,
            461.0185852050781
        ],
        [
            480.5923156738281,
            509.01904296875
        ],
        [
            464.38323974609375,
            437.01837158203125
        ],
        [
            448.17413330078125,
            509.01904296875
        ],
        [
            444.3602600097656,
            508.0589904785156
        ],
        [
            472.96453857421875,
            533.0192260742188
        ],
        [
            489.1736145019531,
            529.17919921875
        ],
        [
            446.2672119140625,
            577.1796264648438
        ],
        [
            491.08056640625,
            571.4195556640625
        ],
        [
            474.8714599609375,
            622.300048828125
        ],
        [
            527.3126220703125,
            611.739990234375
        ]
    ]
},
"2": {
    "top": [
        [
            620.9751586914062,
            301.752685546875
        ],
        [
            623.8497314453125,
            298.8877258300781
        ],
        [
            619.058837890625,
            298.8877258300781
        ],
        [
            629.5989379882812,
            301.752685546875
        ],
        [
            616.1842651367188,
            301.752685546875
        ],
        [
            636.3062744140625,
            315.1225280761719
        ],
        [
            609.4769287109375,
            317.03253173828125
        ],
        [
            648.7626953125,
            332.3123474121094
        ],
        [
            601.8114013671875,
            335.17730712890625
        ],
        [
            647.8045043945312,
            333.267333984375
        ],
        [
            597.0204467773438,
            360.9620056152344
        ],
        [
            633.4317016601562,
            355.2320861816406
        ],
        [
            616.1842651367188,
            354.2770690917969
        ],
        [
            641.0972290039062,
            386.7467041015625
        ],
        [
            618.1006469726562,
            381.9717712402344
        ],
        [
            631.5153198242188,
            399.16156005859375
        ],
        [
            622.8915405273438,
            414.4413757324219
        ]
    ],